AHIRLI	AKKİSE	580	305	275
AHIRLI	ALİÇERÇİ	142	73	69
AHIRLI	BADEMLİ	289	143	146
AHIRLI	BALIKLAVA	205	95	110
AHIRLI	BÜYÜKÖZ	45	17	28
AHIRLI	ÇİFTLİK	235	116	119
AHIRLI	ÇUKURBUCAK	503	243	260
AHIRLI	ERDOĞAN	74	33	41
AHIRLI	HAMZALAR	675	364	311
AHIRLI	HENGEME	913	473	440
AHIRLI	KARACAKUYU	54	25	29
AHIRLI	KAYACIK	213	109	104
AHIRLI	KURUÇAY	86	37	49
AHIRLI	KÜÇÜKÖZ	22	C	C
AHIRLI	MERKEZ	991	477	514
AKÖREN	AĞALAR	942	461	481
AKÖREN	AHMEDİYE	74	42	32
AKÖREN	ALANKÖY	289	150	139
AKÖREN	AVDAN	705	343	362
AKÖREN	BELKUYU	268	133	135
AKÖREN	ÇATÖREN	258	135	123
AKÖREN	DUTLU	38	21	17
AKÖREN	HACILAR	255	133	122
AKÖREN	KARAHÜYÜK	336	163	173
AKÖREN	KAYASU	504	257	247
AKÖREN	ORHANİYE	272	134	138
AKÖREN	SÜLEYMANİYE	179	100	79
AKÖREN	TÜLCE	703	348	355
AKÖREN	YENİ	1.079	570	509
AKŞEHİR	ADSIZ	2.382	1.191	1.191
AKŞEHİR	AHİCELAL	245	123	122
AKŞEHİR	ALANYURT	347	182	165
AKŞEHİR	ALTUNKALEM	4.618	2.130	2.488
AKŞEHİR	ALTUNTAŞ	1.747	850	897
AKŞEHİR	ANIT	561	268	293
AKŞEHİR	ATAKENT	1.024	510	514
AKŞEHİR	BOZLAĞAN	254	123	131
AKŞEHİR	CANKURTARAN	177	84	93
AKŞEHİR	ÇAKILLAR	2.471	1.245	1.226
AKŞEHİR	ÇAMLI	922	451	471
AKŞEHİR	ÇAY	188	90	98
AKŞEHİR	ÇİMENDERE	146	79	67
AKŞEHİR	ÇİMENLİ	407	206	201
AKŞEHİR	DEĞİRMENKÖY	665	329	336
AKŞEHİR	DOĞRUGÖZ	3.249	1.596	1.653
AKŞEHİR	ENGİLİ	817	384	433
AKŞEHİR	ESKİKALE	229	112	117
AKŞEHİR	GAZİ	5.985	2.858	3.127
AKŞEHİR	GEDİL	536	262	274
AKŞEHİR	GÖLÇAYIR	749	353	396
AKŞEHİR	GÖZPINARI	433	215	218
AKŞEHİR	ILICAK	793	398	395
AKŞEHİR	İSTASYON	7.644	3.679	3.965
AKŞEHİR	KARABULUT	1.021	504	517
AKŞEHİR	KARAHÜYÜK	1.820	919	901
AKŞEHİR	KIZILCA	757	342	415
AKŞEHİR	KİLECİ	4.697	2.276	2.421
AKŞEHİR	KOZAĞAÇ	3.171	1.821	1.350
AKŞEHİR	KURUÇAY	903	448	455
AKŞEHİR	KUŞÇU	348	185	163
AKŞEHİR	MEYDAN	907	434	473
AKŞEHİR	NASREDDİN HOCA	419	202	217
AKŞEHİR	ORTACA	315	149	166
AKŞEHİR	ORTAKÖY	1.346	654	692
AKŞEHİR	REİS	729	334	395
AKŞEHİR	SARAY	425	221	204
AKŞEHİR	SAVAŞ	639	296	343
AKŞEHİR	SELÇUK	1.858	880	978
AKŞEHİR	SEYRAN	3.849	1.894	1.955
AKŞEHİR	SORKUN	479	249	230
AKŞEHİR	SÖĞÜTLÜ	249	127	122
AKŞEHİR	TEKKEKÖY	44	23	21
AKŞEHİR	TİPİ	510	258	252
AKŞEHİR	TİPİKÖY	284	151	133
AKŞEHİR	ULUPINAR	198	100	98
AKŞEHİR	ÜÇHÜYÜK	406	194	212
AKŞEHİR	YARENLER	12.016	5.834	6.182
AKŞEHİR	YAŞARLAR	258	126	132
AKŞEHİR	YAYLABELEN	551	261	290
AKŞEHİR	YAZLA	1.238	604	634
AKŞEHİR	YENİ	14.467	7.036	7.431
AKŞEHİR	YENİKÖY	421	212	209
AKŞEHİR	YEŞİLKÖY	322	154	168
AKŞEHİR	YILDIRIM BAYEZİD	1.710	814	896
ALTINEKİN	AKÇAŞAR	185	91	94
ALTINEKİN	AKINCILAR	3.292	1.649	1.643
ALTINEKİN	AKKÖY	203	95	108
ALTINEKİN	AYIŞIĞI	129	71	58
ALTINEKİN	BORUKKUYU	139	73	66
ALTINEKİN	DEDELER	1.714	866	848
ALTINEKİN	HACINUMAN	249	139	110
ALTINEKİN	KALE	982	487	495
ALTINEKİN	KARAKAYA	166	88	78
ALTINEKİN	KOÇAŞ	79	39	40
ALTINEKİN	KOÇYAKA	390	209	181
ALTINEKİN	MANTAR	483	261	222
ALTINEKİN	OĞUZELİ	1.591	822	769
ALTINEKİN	ÖLMEZ	2.394	1.228	1.166
ALTINEKİN	SARNIÇ	576	306	270
ALTINEKİN	TOPRAKLIK	301	156	145
ALTINEKİN	YENİ ÖLMEZ	411	215	196
ALTINEKİN	YENİCE	673	343	330
ALTINEKİN	YENİKUYU	637	330	307
ALTINEKİN	YENİYAYLA	257	131	126
BEYŞEHİR	ADAKÖY	338	184	154
BEYŞEHİR	AĞILÖNÜ	253	127	126
BEYŞEHİR	AKBURUN	379	202	177
BEYŞEHİR	AVDANCIK	263	139	124
BEYŞEHİR	AVŞAR	2.369	1.202	1.167
BEYŞEHİR	BADEMLİ	1.258	155	1.103
BEYŞEHİR	BAHÇELİEVLER	5.494	2.758	2.736
BEYŞEHİR	BAŞGÖZE	244	124	120
BEYŞEHİR	BAYAT	161	79	82
BEYŞEHİR	BAYAVŞAR	565	279	286
BEYŞEHİR	BAYINDIR	414	203	211
BEYŞEHİR	BEKDEMİR	257	139	118
BEYŞEHİR	BEYTEPE	3.159	1.577	1.582
BEYŞEHİR	ÇETMİ	778	388	390
BEYŞEHİR	ÇİÇEKLER	468	247	221
BEYŞEHİR	ÇİFTLİK	202	112	90
BEYŞEHİR	ÇİVRİL	55	36	19
BEYŞEHİR	ÇUKURAĞIL	244	125	119
BEYŞEHİR	DALYAN	1.940	973	967
BEYŞEHİR	DAMLAPINAR	373	178	195
BEYŞEHİR	DOĞANBEY	1.463	719	744
BEYŞEHİR	DOĞANCIK	106	54	52
BEYŞEHİR	DUMANLI	157	82	75
BEYŞEHİR	EĞİRLER	249	131	118
BEYŞEHİR	EMEN	493	241	252
BEYŞEHİR	ESENCE	1.167	605	562
BEYŞEHİR	ESENTEPE	2.148	1.060	1.088
BEYŞEHİR	EVSAT	1.795	903	892
BEYŞEHİR	EYLİKLER	288	155	133
BEYŞEHİR	FASILLAR	163	86	77
BEYŞEHİR	GÖÇÜ	357	182	175
BEYŞEHİR	GÖKÇEKUYU	101	52	49
BEYŞEHİR	GÖKÇİMEN	503	258	245
BEYŞEHİR	GÖLKAŞI	302	143	159
BEYŞEHİR	GÖLYAKA	499	246	253
BEYŞEHİR	GÖNEN	22	11	11
BEYŞEHİR	GÜNDOĞDU	101	52	49
BEYŞEHİR	HACIAKİF	3.651	1.823	1.828
BEYŞEHİR	HACIARMAĞAN	1.098	526	572
BEYŞEHİR	HAMİDİYE	4.581	2.254	2.327
BEYŞEHİR	HUĞLU	2.630	1.326	1.304
BEYŞEHİR	HÜSEYİNLER	122	62	60
BEYŞEHİR	İÇERİŞEHİR	482	259	223
BEYŞEHİR	İSAKÖY	113	65	48
BEYŞEHİR	KARAALİ	2.330	1.190	1.140
BEYŞEHİR	KARABAYAT	87	48	39
BEYŞEHİR	KARADİKEN	288	148	140
BEYŞEHİR	KARAHİSAR	265	129	136
BEYŞEHİR	KAYABAŞI	447	222	225
BEYŞEHİR	KURUCUOVA	621	294	327
BEYŞEHİR	KUŞLUCA	161	79	82
BEYŞEHİR	KÜÇÜKAVŞAR	485	257	228
BEYŞEHİR	MESUTLAR	77	38	39
BEYŞEHİR	MÜFTÜ	10.350	5.085	5.265
BEYŞEHİR	SADIKHACI	1.375	708	667
BEYŞEHİR	SARIKÖY	216	102	114
BEYŞEHİR	SEVİNDİK	608	297	311
BEYŞEHİR	ŞAMLAR	97	44	53
BEYŞEHİR	ÜÇPINAR	428	216	212
BEYŞEHİR	ÜSTÜNLER	525	270	255
BEYŞEHİR	ÜZÜMLÜ	4.893	2.498	2.395
BEYŞEHİR	YAZYURDU	278	147	131
BEYŞEHİR	YENİ	11.383	5.968	5.415
BEYŞEHİR	YENİDOĞAN	828	405	423
BEYŞEHİR	YEŞİLDAĞ	1.235	622	613
BEYŞEHİR	YUKARIESENCE	79	37	42
BEYŞEHİR	YUNUSLAR	169	83	86
BOZKIR	AKÇAPINAR	272	137	135
BOZKIR	ARMUTLU	584	288	296
BOZKIR	ARSLANTAŞ	131	71	60
BOZKIR	AYDINKIŞLA	100	47	53
BOZKIR	AYVALCA	231	122	109
BOZKIR	BAĞYURDU	474	250	224
BOZKIR	BAYBAĞAN	198	96	102
BOZKIR	BOZDAM	110	61	49
BOZKIR	CUMHURİYET	2.156	1.036	1.120
BOZKIR	ÇAĞLAYAN	719	350	369
BOZKIR	DEMİRASAF	3.392	1.538	1.854
BOZKIR	DEREİÇİ	1.218	635	583
BOZKIR	DEREKÖY	556	277	279
BOZKIR	ELMAAĞAÇ	47	21	26
BOZKIR	HACILAR	405	189	216
BOZKIR	HACIYUNUSLAR	25	12	13
BOZKIR	HAMZALAR	1.031	514	517
BOZKIR	HARMANPINAR	347	148	199
BOZKIR	HİSARLIK	1.046	507	539
BOZKIR	IŞIKLAR	273	128	145
BOZKIR	KARABAYIR	92	46	46
BOZKIR	KARACAARDIÇ	266	132	134
BOZKIR	KARACAHİSAR	101	46	55
BOZKIR	KARAYAHYA	251	123	128
BOZKIR	KAYACILAR	194	98	96
BOZKIR	KAYAPINAR	263	127	136
BOZKIR	KINIK	285	143	142
BOZKIR	KIZILÇAKIR	202	114	88
BOZKIR	KİLDERE	425	214	211
BOZKIR	KOVANLIK	138	74	64
BOZKIR	KOZAĞAÇ	253	118	135
BOZKIR	KUŞCA	331	156	175
BOZKIR	KUZÖREN	571	287	284
BOZKIR	KÜÇÜKHİSARLIK	166	73	93
BOZKIR	PINARCIK	170	85	85
BOZKIR	SARIOĞLAN	1.494	744	750
BOZKIR	SAZLI	305	154	151
BOZKIR	SOĞUCAK	597	300	297
BOZKIR	SORKUN	671	334	337
BOZKIR	SÖĞÜT	507	256	251
BOZKIR	TARLABAŞI	59	31	28
BOZKIR	TAŞBAŞI	160	78	82
BOZKIR	TEPEARASI	69	34	35
BOZKIR	TEPELİCE	67	33	34
BOZKIR	ULUPINAR	235	121	114
BOZKIR	ÜÇPINAR	710	330	380
BOZKIR	YALNIZCA	101	47	54
BOZKIR	YAZDAMI	371	181	190
BOZKIR	YELBEĞİ	277	141	136
BOZKIR	YENİKÖY	152	72	80
BOZKIR	YOLÖREN	262	128	134
BOZKIR	YUKARI	2.825	1.500	1.325
CİHANBEYLİ	AĞABEYLİ	711	367	344
CİHANBEYLİ	AHİRİGÜZEL	152	82	70
CİHANBEYLİ	ATÇEKEN	2.495	1.234	1.261
CİHANBEYLİ	BAHÇELİEVLER	2.233	1.100	1.133
CİHANBEYLİ	BEYLİOVA	133	67	66
CİHANBEYLİ	BÖĞRÜDELİK	360	194	166
CİHANBEYLİ	BULDUK	1.249	603	646
CİHANBEYLİ	BÜYÜKBEŞKAVAK	1.274	655	619
CİHANBEYLİ	CUMHURİYET	3.592	1.723	1.869
CİHANBEYLİ	ÇİMEN	366	187	179
CİHANBEYLİ	ÇÖL	803	404	399
CİHANBEYLİ	DAMLAKUYU	348	170	178
CİHANBEYLİ	GEMECİK	253	128	125
CİHANBEYLİ	GÖKTEPE	1.786	899	887
CİHANBEYLİ	GÖLYAZI	2.453	1.153	1.300
CİHANBEYLİ	GÜNYÜZÜ	1.940	988	952
CİHANBEYLİ	HODOĞLU	738	377	361
CİHANBEYLİ	İNSUYU	742	381	361
CİHANBEYLİ	KALE	68	30	38
CİHANBEYLİ	KANDİL	1.767	920	847
CİHANBEYLİ	KARABAĞ	2.798	1.438	1.360
CİHANBEYLİ	KARATEPE	320	169	151
CİHANBEYLİ	KARŞIYAKA	2.187	1.179	1.008
CİHANBEYLİ	KAYI	186	84	102
CİHANBEYLİ	KELHASAN	924	460	464
CİHANBEYLİ	KIRKIŞLA	689	363	326
CİHANBEYLİ	KOCATEPE	38	23	15
CİHANBEYLİ	KORKMAZLAR	116	54	62
CİHANBEYLİ	KÖPRÜBAŞI	3.230	1.613	1.617
CİHANBEYLİ	KUŞÇA	1.249	610	639
CİHANBEYLİ	KÜÇÜKBEŞKAVAK	482	259	223
CİHANBEYLİ	KÜTÜKUŞAĞI	1.292	651	641
CİHANBEYLİ	MUTLUKONAK	100	48	52
CİHANBEYLİ	PINARBAŞI	598	297	301
CİHANBEYLİ	SAĞLIK	540	242	298
CİHANBEYLİ	SIĞIRCIK	131	65	66
CİHANBEYLİ	TAŞPINAR	3.376	1.749	1.627
CİHANBEYLİ	TURANLAR	334	171	163
CİHANBEYLİ	TÜFEKÇİPINAR	113	66	47
CİHANBEYLİ	UZUNCAYAYLA	117	55	62
CİHANBEYLİ	ÜZERLİKTEPE	98	50	48
CİHANBEYLİ	YAPALI	1.270	677	593
CİHANBEYLİ	YENİCEOBA	5.346	2.741	2.605
CİHANBEYLİ	YENİYAYLA	117	58	59
CİHANBEYLİ	YEŞİLÖZ	1.423	732	691
CİHANBEYLİ	YÜNLÜKUYU	78	43	35
CİHANBEYLİ	ZAFERİYE	307	156	151
ÇELTİK	ADAKASIM	316	149	167
ÇELTİK	BAHÇE SARAY	1.056	552	504
ÇELTİK	BAHÇELİEVLER	887	448	439
ÇELTİK	DOĞANYURT	130	67	63
ÇELTİK	FATİH	990	539	451
ÇELTİK	GÖKPINAR	1.319	645	674
ÇELTİK	HONAMLI	1.298	669	629
ÇELTİK	İSHAKUŞAĞI	613	346	267
ÇELTİK	KARŞIYAKA	531	261	270
ÇELTİK	KAŞÖREN	300	170	130
ÇELTİK	KÜÇÜKHASAN	644	328	316
ÇELTİK	SELÇUK	1.476	740	736
ÇELTİK	TORUNLAR	527	272	255
ÇELTİK	YUKARI ALİÇOMAK	237	127	110
ÇUMRA	ABDİTOLU	676	345	331
ÇUMRA	ADAKALE	498	259	239
ÇUMRA	AFŞAR	65	29	36
ÇUMRA	ALEMDAR	452	225	227
ÇUMRA	ALISSA	178	89	89
ÇUMRA	ALİBEYHÜYÜĞÜ	2.535	1.291	1.244
ÇUMRA	APA	587	303	284
ÇUMRA	APASARAYCIK	465	236	229
ÇUMRA	ARIKÖREN	707	365	342
ÇUMRA	AVDUL	449	230	219
ÇUMRA	BAĞLAR	3.717	1.837	1.880
ÇUMRA	BAKKALBAŞI	4.388	2.173	2.215
ÇUMRA	BALÇIKHİSAR	314	163	151
ÇUMRA	BARAJ	2.716	1.338	1.378
ÇUMRA	BARDAKÇI	4.626	2.241	2.385
ÇUMRA	BEYLERCE	107	63	44
ÇUMRA	BÜYÜKAŞLAMA	875	465	410
ÇUMRA	CUMHURİYET	2.593	1.270	1.323
ÇUMRA	ÇAYBAŞI	2.456	1.226	1.230
ÇUMRA	ÇİÇEKKÖY	533	267	266
ÇUMRA	ÇUKURKAVAK	255	130	125
ÇUMRA	DEDEMOĞLU	373	183	190
ÇUMRA	DİNEK	303	145	158
ÇUMRA	DİNEKSARAY	240	125	115
ÇUMRA	DİNLENDİK	153	81	72
ÇUMRA	DOĞANLI	454	223	231
ÇUMRA	ERENTEPE	176	103	73
ÇUMRA	FETHİYE	294	137	157
ÇUMRA	GÖKHÜYÜK	814	423	391
ÇUMRA	GÜVERCİNLİK	1.345	687	658
ÇUMRA	HÜRRİYET	920	499	421
ÇUMRA	İÇERİÇUMRA	6.393	3.247	3.146
ÇUMRA	İNLİ	140	74	66
ÇUMRA	İSTİKLAL	121	60	61
ÇUMRA	İZZETBEY	5.598	2.764	2.834
ÇUMRA	KARKIN	3.297	1.684	1.613
ÇUMRA	KUZUCU	202	103	99
ÇUMRA	KÜÇÜKKÖY	824	420	404
ÇUMRA	MEYDAN	4.843	2.390	2.453
ÇUMRA	OKÇU	2.764	1.389	1.375
ÇUMRA	SEÇME	111	60	51
ÇUMRA	SÜRGÜÇ	356	189	167
ÇUMRA	TAHTALI	158	75	83
ÇUMRA	TAŞAĞIL	1.423	702	721
ÇUMRA	TÜRKMENCAMİLİ	815	419	396
ÇUMRA	TÜRKMENKARAHÜYÜK	678	354	324
ÇUMRA	UZUNKUYU	577	288	289
ÇUMRA	ÜÇHÜYÜK	753	400	353
ÇUMRA	ÜRÜNLÜ	486	242	244
ÇUMRA	YENİ	576	290	286
ÇUMRA	YENİDOĞAN	3.018	1.467	1.551
ÇUMRA	YENİSU	1.024	493	531
ÇUMRA	YÖRÜKCAMİLİ	109	56	53
DERBENT	ARAPÖZÜ	192	91	101
DERBENT	CAMİİKEBİR	868	425	443
DERBENT	ÇİFTLİKÖZÜ	491	236	255
DERBENT	DEĞİŞ	269	128	141
DERBENT	DERBENTTEKKE	157	71	86
DERBENT	GÜNEY	281	153	128
DERBENT	GÜNEYKÖY	71	38	33
DERBENT	HACI AHMET	639	307	332
DERBENT	KARALAR	78	41	37
DERBENT	MÜLAYİM	435	210	225
DERBENT	SARAYPINAR	213	99	114
DERBENT	SÜLEYMAN	159	86	73
DERBENT	YUKARI	307	152	155
DEREBUCAK	ÇAMLIK	898	451	447
DEREBUCAK	DURAK	276	137	139
DEREBUCAK	GENCEK	876	420	456
DEREBUCAK	GÖYNEM	925	474	451
DEREBUCAK	KENANKUYU	371	179	192
DEREBUCAK	MUSALLA	347	162	185
DEREBUCAK	PINARBAŞI	548	289	259
DEREBUCAK	SARAYÖNÜ	540	275	265
DEREBUCAK	TAŞLIPINAR	249	126	123
DEREBUCAK	TEPEARASI	164	86	78
DEREBUCAK	UĞURLU	87	46	41
DEREBUCAK	YENİ	509	251	258
DOĞANHİSAR	AĞA	204	98	106
DOĞANHİSAR	AYASLAR	1.100	497	603
DOĞANHİSAR	BAŞ	369	187	182
DOĞANHİSAR	BAŞKÖY	1.886	940	946
DOĞANHİSAR	CUMA	161	73	88
DOĞANHİSAR	ÇINAROBA	605	288	317
DOĞANHİSAR	DEŞTİĞİN	968	463	505
DOĞANHİSAR	FIRINLI	208	107	101
DOĞANHİSAR	GÜVENDİK	325	160	165
DOĞANHİSAR	HARMAN	1.365	660	705
DOĞANHİSAR	İLYASLAR	461	218	243
DOĞANHİSAR	KARAAĞA	1.129	523	606
DOĞANHİSAR	KEMER	378	185	193
DOĞANHİSAR	KOÇAŞ	531	258	273
DOĞANHİSAR	KONAKKALE	526	247	279
DOĞANHİSAR	KUZ	889	437	452
DOĞANHİSAR	PAZAR	835	407	428
DOĞANHİSAR	ŞIH	739	374	365
DOĞANHİSAR	TEKKEKÖY	97	42	55
DOĞANHİSAR	UNCULAR	450	229	221
DOĞANHİSAR	YAZIR	84	39	45
DOĞANHİSAR	YAZLICA	557	282	275
DOĞANHİSAR	YEĞİN	242	114	128
DOĞANHİSAR	YENİCE	706	355	351
EMİRGAZİ	AKMESCİT	841	444	397
EMİRGAZİ	BESCİ	309	162	147
EMİRGAZİ	CAMİKEBİR	175	92	83
EMİRGAZİ	CUMHURİYET	538	279	259
EMİRGAZİ	DEMİRCİ	897	484	413
EMİRGAZİ	EKİZLİ	223	116	107
EMİRGAZİ	FATİH	672	347	325
EMİRGAZİ	GÖLÖREN	155	83	72
EMİRGAZİ	IŞIKLAR	1.095	560	535
EMİRGAZİ	KALE	1.282	668	614
EMİRGAZİ	KARAÖREN	169	88	81
EMİRGAZİ	MEŞELİ	82	44	38
EMİRGAZİ	ÖBEKTAŞ	101	52	49
EMİRGAZİ	TÜRBE	520	263	257
EMİRGAZİ	YAMAÇ	433	227	206
EMİRGAZİ	YENİ	453	236	217
EREĞLİ	500 EVLER	1.760	872	888
EREĞLİ	ACIKUYU	259	140	119
EREĞLİ	ACIPINAR	170	100	70
EREĞLİ	ADABAĞ	258	146	112
EREĞLİ	AKHÜYÜK	197	107	90
EREĞLİ	ALHAN	1.319	687	632
EREĞLİ	ALPASLAN	951	459	492
EREĞLİ	AŞAĞIGÖNDELEN	455	227	228
EREĞLİ	AŞIKLAR	196	100	96
EREĞLİ	ATAKENT	1.743	1.142	601
EREĞLİ	AYDINLAR	4.419	2.177	2.242
EREĞLİ	AZİZİYE	2.775	1.419	1.356
EREĞLİ	BAHÇELİ	175	90	85
EREĞLİ	BARBAROS	5.775	2.853	2.922
EREĞLİ	BATIALAGÖZLÜ	2.641	1.303	1.338
EREĞLİ	BELCEAĞAÇ	650	337	313
EREĞLİ	BELKAYA	3.738	1.842	1.896
EREĞLİ	BEYKÖY	622	319	303
EREĞLİ	BEYÖREN	287	150	137
EREĞLİ	BOYACIALİ	779	369	410
EREĞLİ	BULGURLUK	688	371	317
EREĞLİ	BURHANİYE	276	145	131
EREĞLİ	BÜYÜKDEDE	191	96	95
EREĞLİ	CAHI	5.316	2.649	2.667
EREĞLİ	CAMİKEBİR	1.306	645	661
EREĞLİ	CUMHURİYET	3.256	1.684	1.572
EREĞLİ	ÇAKMAK	394	192	202
EREĞLİ	ÇAYHAN	1.656	834	822
EREĞLİ	ÇİLLER	451	242	209
EREĞLİ	ÇİMENCİK	1.162	597	565
EREĞLİ	ÇÖMLEKÇİ	3.579	1.741	1.838
EREĞLİ	DALMAZ	1.737	807	930
EREĞLİ	DOGUALAGÖZLÜ	1.990	996	994
EREĞLİ	ETİ	5.487	2.653	2.834
EREĞLİ	FATİH	3.524	1.764	1.760
EREĞLİ	GAYBİ	235	113	122
EREĞLİ	GÖKÇEYAZI	605	316	289
EREĞLİ	GÖKTÖME	159	86	73
EREĞLİ	GÜLBAHÇE	3.199	1.519	1.680
EREĞLİ	HACIMEMİŞ	1.025	528	497
EREĞLİ	HACIMUSTAFA	3.404	1.646	1.758
EREĞLİ	HACIMUTAHİR	4.901	2.273	2.628
EREĞLİ	HAMİDİYE	2.148	1.053	1.095
EREĞLİ	HIDIRLI	1.833	909	924
EREĞLİ	HORTU	1.389	737	652
EREĞLİ	KAMIŞLIKUYU	484	249	235
EREĞLİ	KARABURUN	402	204	198
EREĞLİ	KARGACI	737	389	348
EREĞLİ	KAZANCI	2.736	1.288	1.448
EREĞLİ	KIZILGEDİK	44	21	23
EREĞLİ	KUSKUNCUK	484	246	238
EREĞLİ	KUTÖREN	1.402	748	654
EREĞLİ	KUZUKUYU	258	135	123
EREĞLİ	MEHMET AKİF	5.017	2.424	2.593
EREĞLİ	MELİCEK	440	216	224
EREĞLİ	MİMAR SİNAN	2.071	1.023	1.048
EREĞLİ	NAMIK KEMAL	5.155	2.591	2.564
EREĞLİ	ORHANGAZİ	4.686	2.315	2.371
EREĞLİ	ORHANİYE	3.991	1.984	2.007
EREĞLİ	ÖZGÜRLER	553	285	268
EREĞLİ	PINARÖZÜ	212	123	89
EREĞLİ	PİRÖMER	1.884	940	944
EREĞLİ	SARICA	266	137	129
EREĞLİ	SARITOPALLI	3.515	3.013	502
EREĞLİ	SELÇUKLU	236	124	112
EREĞLİ	SERVİLİ	818	404	414
EREĞLİ	SÜMER	815	372	443
EREĞLİ	ŞİNASİ	3.651	1.825	1.826
EREĞLİ	TALATPAŞA	3.044	1.534	1.510
EREĞLİ	TAŞAĞIL	521	270	251
EREĞLİ	TAŞBUDAK	289	166	123
EREĞLİ	TATLIKUYU	363	201	162
EREĞLİ	TOROS	5.876	3.164	2.712
EREĞLİ	TÜRBE	5.180	2.520	2.660
EREĞLİ	TÜRKMEN	643	334	309
EREĞLİ	ULUMEŞE	299	157	142
EREĞLİ	ÜÇGÖZ	2.653	1.247	1.406
EREĞLİ	YAZLIK	718	354	364
EREĞLİ	YELLİCE	665	366	299
EREĞLİ	YENİBAĞLAR	1.789	895	894
EREĞLİ	YENİKÖY	692	359	333
EREĞLİ	YILDIRIMBEYAZIT	1.469	744	725
EREĞLİ	YILDIZLI	426	215	211
EREĞLİ	YUKARIGÖNDELEN	285	139	146
EREĞLİ	YUNUSLU	4.336	2.098	2.238
EREĞLİ	ZENGEN	1.732	897	835
EREĞLİ	ZİYA GÖKALP	3.932	1.974	1.958
GÜNEYSINIR	AĞRAS	328	163	165
GÜNEYSINIR	AVCITEPE	86	50	36
GÜNEYSINIR	AYDOĞMUŞ	283	140	143
GÜNEYSINIR	BARDAS	559	276	283
GÜNEYSINIR	DURAYDA	317	155	162
GÜNEYSINIR	EMİRHAN	71	33	38
GÜNEYSINIR	GÜNEYBAĞ	1.902	946	956
GÜNEYSINIR	GÜRAĞAÇ	1.389	718	671
GÜNEYSINIR	HABİLLER	203	95	108
GÜNEYSINIR	KARASINIR	2.074	1.020	1.054
GÜNEYSINIR	KAYAAĞZI	270	131	139
GÜNEYSINIR	KIZILÖZ	272	142	130
GÜNEYSINIR	KURUKAVAK	66	32	34
GÜNEYSINIR	MEHMET ALİ	301	141	160
GÜNEYSINIR	MEVLANA	759	389	370
GÜNEYSINIR	ÖMEROĞLU	141	71	70
GÜNEYSINIR	ÖRENBOYALI	159	79	80
GÜNEYSINIR	SARIHACI	235	114	121
HADİM	ARMAĞANLAR	640	317	323
HADİM	AŞAĞI HADİM	343	146	197
HADİM	AŞAĞI MERNEK	41	27	14
HADİM	AŞAĞIEŞENLER	551	272	279
HADİM	BADEMLİ	494	245	249
HADİM	BEYRELİ	185	95	90
HADİM	BOLAT	883	423	460
HADİM	ÇİFTEPINAR	87	40	47
HADİM	DEDEMLİ	751	384	367
HADİM	DOLHANLAR	261	131	130
HADİM	DÜLGERLER	133	72	61
HADİM	EĞİSTE	768	393	375
HADİM	FAKILAR	87	45	42
HADİM	GAZİLER	204	96	108
HADİM	GEREZ	429	222	207
HADİM	GEZLEVİ	1.263	651	612
HADİM	GÖYNÜKKIŞLA	496	237	259
HADİM	HOCALAR	239	135	104
HADİM	İĞDEÖREN	55	26	29
HADİM	KALINAĞIL	96	43	53
HADİM	KAPLANLI	68	29	39
HADİM	KÜPLÜCE	100	51	49
HADİM	MERNEK	293	163	130
HADİM	ODUNCU	57	25	32
HADİM	SARNIÇ	113	58	55
HADİM	SELAHATTİN	100	48	52
HADİM	TAŞPINAR	1.674	849	825
HADİM	UMURLAR	88	47	41
HADİM	YAĞCI	307	157	150
HADİM	YELMEZ	179	93	86
HADİM	YENİKONAK	243	129	114
HADİM	YUKARIEŞENLER	231	120	111
HALKAPINAR	BAHÇELİEVLER	1.400	675	725
HALKAPINAR	BÜYÜKDOĞAN	221	105	116
HALKAPINAR	CUMHURİYET	219	103	116
HALKAPINAR	ÇAKILLAR	218	111	107
HALKAPINAR	DEDELİ	123	64	59
HALKAPINAR	DELİMAHMUTLU	306	164	142
HALKAPINAR	ESKİHİSAR	136	66	70
HALKAPINAR	İVRİZ	279	156	123
HALKAPINAR	KARAYUSUFLU	96	51	45
HALKAPINAR	KAYASARAY	94	50	44
HALKAPINAR	KÖRLÜ	82	46	36
HALKAPINAR	KÜSERE	195	101	94
HALKAPINAR	NERNEK	130	71	59
HALKAPINAR	OSMANKÖSELİ	222	115	107
HALKAPINAR	SEYDİFAKILI	287	152	135
HALKAPINAR	YASSIKAYA	89	42	47
HALKAPINAR	YEŞİLYURT	86	43	43
HÜYÜK	AKDAĞ	928	464	464
HÜYÜK	BAHÇELİ EVLER	1.175	579	596
HÜYÜK	BAŞLAMIŞ	256	119	137
HÜYÜK	BUDAK	414	212	202
HÜYÜK	BURUNSUZ	584	295	289
HÜYÜK	CUMHURİYET	346	153	193
HÜYÜK	ÇAMLICA	1.022	491	531
HÜYÜK	ÇAVUŞ	598	280	318
HÜYÜK	ÇUKURKENT	259	125	134
HÜYÜK	DEĞİRMENALTI	286	136	150
HÜYÜK	GÖÇERİ	444	211	233
HÜYÜK	GÖRÜNMEZ	353	172	181
HÜYÜK	İLMEN	818	396	422
HÜYÜK	İMRENLER	1.132	543	589
HÜYÜK	KIRELİ	1.633	806	827
HÜYÜK	KÖŞK	592	284	308
HÜYÜK	MUTLU	726	358	368
HÜYÜK	PINARBAŞI	285	129	156
HÜYÜK	SELKİ	1.361	707	654
HÜYÜK	SULUDERE	899	437	462
HÜYÜK	TOLCA	507	244	263
HÜYÜK	ULUPINAR	666	324	342
HÜYÜK	YENİCE	147	74	73
ILGIN	AĞALAR	568	303	265
ILGIN	ARGITHANI	2.407	1.141	1.266
ILGIN	AVDAN	239	121	118
ILGIN	AYVATDEDE	2.903	1.406	1.497
ILGIN	BALKI	693	342	351
ILGIN	BARAKMUSLU	229	114	115
ILGIN	BEHLÜLBEY	2.744	1.329	1.415
ILGIN	BELEKLER	322	155	167
ILGIN	BEYKONAK	956	463	493
ILGIN	BOĞAZKENT	169	87	82
ILGIN	BULCUK	357	182	175
ILGIN	BÜYÜKOBA	310	166	144
ILGIN	CAMİİATİK	3.277	1.618	1.659
ILGIN	ÇATAK	209	102	107
ILGIN	ÇAVUŞÇUGÖL	712	369	343
ILGIN	ÇİĞİL	2.581	1.270	1.311
ILGIN	ÇOBANKAYA	208	116	92
ILGIN	ÇÖMLEKÇİ	114	49	65
ILGIN	DEREKÖY	93	55	38
ILGIN	DIĞRAK	74	36	38
ILGIN	DÜĞER	418	208	210
ILGIN	ELDEŞ	393	209	184
ILGIN	ESENTEPE	1.249	638	611
ILGIN	FAHRETTİN ALTAY	1.219	597	622
ILGIN	FATİH	3.813	1.876	1.937
ILGIN	GEÇİTKÖY	290	131	159
ILGIN	GEDİKÖREN	278	148	130
ILGIN	GÖKBUDAK	192	97	95
ILGIN	GÖKÇEYURT	460	212	248
ILGIN	GÖLYAKA	201	106	95
ILGIN	GÖSTERE	475	240	235
ILGIN	GÜNEYPINAR	117	52	65
ILGIN	HARMANYAZI	728	371	357
ILGIN	ILICA	2.261	1.110	1.151
ILGIN	İHSANİYE	255	135	120
ILGIN	İSTASYON	864	434	430
ILGIN	KALEKÖY	49	33	16
ILGIN	KAPAKLI	276	130	146
ILGIN	KARAKÖY	348	174	174
ILGIN	MAHMUTHİSAR	522	281	241
ILGIN	MECİDİYE	360	182	178
ILGIN	MİLLİ EGEMENLİK	5.566	2.737	2.829
ILGIN	MİSAFİRLİ	106	55	51
ILGIN	OLUKPINAR	216	109	107
ILGIN	ORHANİYE	1.235	763	472
ILGIN	ORMANÖZÜ	71	39	32
ILGIN	SADIKKÖY	157	80	77
ILGIN	SAHİP ATA	785	390	395
ILGIN	SEBİLLER	103	54	49
ILGIN	ŞIHBEDRETTİN	2.624	1.291	1.333
ILGIN	ŞIHCARULLAH	3.086	1.526	1.560
ILGIN	TEKELER	185	97	88
ILGIN	UCARI	3.169	1.565	1.604
ILGIN	YORAZLAR	315	158	157
ILGIN	YUKARIÇİĞİL	1.893	929	964
ILGIN	ZAFERİYE	263	126	137
KADINHANI	AFŞARLI	74	42	32
KADINHANI	ALABAĞ	186	86	100
KADINHANI	ATLANTI	2.290	1.182	1.108
KADINHANI	BAKIRPINAR	66	29	37
KADINHANI	BAŞKUYU	620	332	288
KADINHANI	BAYRAMLI	231	118	113
KADINHANI	BEYKAVAĞI	367	185	182
KADINHANI	BULGURPINARI	58	30	28
KADINHANI	ÇAVDAR	144	75	69
KADINHANI	ÇEŞMECİK	1.200	604	596
KADINHANI	ÇUBUK	125	61	64
KADINHANI	DEMİROLUK	262	135	127
KADINHANI	DOĞANLAR	1.574	780	794
KADINHANI	GÜNGÖREN	955	472	483
KADINHANI	HACIMEHMETLİ	326	164	162
KADINHANI	HACIOFLAZLAR	330	178	152
KADINHANI	HACIPİRLİ	175	90	85
KADINHANI	İSTİKLAL	993	518	475
KADINHANI	KABACALI	60	29	31
KADINHANI	KAMIŞLIÖZÜ	191	98	93
KADINHANI	KARAHİSARLI	127	64	63
KADINHANI	KARAKAYA	1.339	652	687
KADINHANI	KARAKURTLU	156	84	72
KADINHANI	KARASEVİNÇ	168	76	92
KADINHANI	KARAYÜRÜKLÜ	58	28	30
KADINHANI	KAYABAŞI	1.546	784	762
KADINHANI	KIZILKUYU	151	81	70
KADINHANI	KOLUKISA BERATLI	1.731	883	848
KADINHANI	KOLUKISA MESCİT	1.143	637	506
KADINHANI	KONURÖREN	299	162	137
KADINHANI	KÖKEZ	391	189	202
KADINHANI	KÖYLÜTOLU	87	45	42
KADINHANI	KURTHASANLI	135	71	64
KADINHANI	KÜÇÜKKUYU	18	C	C
KADINHANI	MAHMUDİYE	207	111	96
KADINHANI	MEYDANLI	357	177	180
KADINHANI	OSMANCIK	1.111	558	553
KADINHANI	ÖRNEK	618	322	296
KADINHANI	PINARBAŞI	1.783	879	904
KADINHANI	PİRALİ	213	112	101
KADINHANI	PUSAT	528	266	262
KADINHANI	SAÇIKARA	750	377	373
KADINHANI	SARIKAYA	389	226	163
KADINHANI	SÖĞÜTÖZÜ	499	253	246
KADINHANI	ŞAHÖREN	275	138	137
KADINHANI	TEPEBAŞI	3.521	1.794	1.727
KADINHANI	TOSUNOĞLU	120	68	52
KADINHANI	TURGUTLU	964	476	488
KADINHANI	ÜNVEREN	407	202	205
KADINHANI	YAĞLICA	410	199	211
KADINHANI	YAYLAYAKA	66	41	25
KADINHANI	YENİ	1.241	637	604
KADINHANI	ZAFER	817	424	393
KARAPINAR	ADALET	2.856	1.462	1.394
KARAPINAR	AKÇAYAZI	668	352	316
KARAPINAR	AKÖREN	486	285	201
KARAPINAR	ALAADDİN	1.905	907	998
KARAPINAR	APAK	1.391	687	704
KARAPINAR	CUMHURİYET	2.883	1.506	1.377
KARAPINAR	ÇETMİ	704	341	363
KARAPINAR	ÇİĞİL	83	49	34
KARAPINAR	FATİH	1.738	870	868
KARAPINAR	FEVZİ PAŞA	1.754	883	871
KARAPINAR	GAZİ OSMAN PAŞA	598	348	250
KARAPINAR	HACI İSA	700	348	352
KARAPINAR	HACI ÖMERLİ	489	255	234
KARAPINAR	HANKAPI	1.476	727	749
KARAPINAR	HASANOBA	240	129	111
KARAPINAR	HOTAMIŞ	1.737	908	829
KARAPINAR	İPEKÇİ	1.734	861	873
KARAPINAR	İSLİK	930	482	448
KARAPINAR	İSMET PAŞA	455	217	238
KARAPINAR	KALE	678	352	326
KARAPINAR	KARAKIŞLA	226	113	113
KARAPINAR	KAYACIK	361	188	173
KARAPINAR	KAYALI	2.260	1.148	1.112
KARAPINAR	KAZANHÜYÜĞÜ	219	123	96
KARAPINAR	KESMEZ	1.862	992	870
KARAPINAR	KÜÇÜKAŞLAMA	216	117	99
KARAPINAR	KÜLLÜ	250	107	143
KARAPINAR	ORTAOBA	556	285	271
KARAPINAR	OYMALI	359	199	160
KARAPINAR	PINARBAŞI	2.208	1.109	1.099
KARAPINAR	REŞADİYE	2.012	1.017	995
KARAPINAR	SANDIKLI	5.398	2.718	2.680
KARAPINAR	SAZLIPINAR	1.033	550	483
KARAPINAR	SELİMİYE	201	95	106
KARAPINAR	TÜRÜDİYE	1.014	502	512
KARAPINAR	ULUS	1.804	928	876
KARAPINAR	YAĞMAPINAR	149	70	79
KARAPINAR	YENİ	1.000	488	512
KARAPINAR	YENİKUYU	199	112	87
KARAPINAR	YEŞİLYURT	2.601	1.358	1.243
KARAPINAR	YUNUS EMRE	1.630	784	846
KARAPINAR	ZAFER	2.103	1.042	1.061
KARATAY	ACIDORT	127	68	59
KARATAY	AĞSAKLI	433	234	199
KARATAY	AKABE	20.769	10.975	9.794
KARATAY	AKBAŞ	106	55	51
KARATAY	AKÖRENKIŞLA	752	434	318
KARATAY	ARAPLAR	21.166	10.164	11.002
KARATAY	AZİZİYE	4.704	2.339	2.365
KARATAY	BAKIRTOLU	243	117	126
KARATAY	BAŞAK	3.740	1.973	1.767
KARATAY	BAŞGÖTÜREN	181	92	89
KARATAY	BEŞAĞIL	813	427	386
KARATAY	BÜYÜKBURNAK	351	186	165
KARATAY	ÇATALHÜYÜK	15.971	8.158	7.813
KARATAY	ÇENGİLTİ	211	120	91
KARATAY	ÇİMENLİK	10.971	5.393	5.578
KARATAY	DİVANLAR	255	145	110
KARATAY	EMİRGAZİ	10.321	5.141	5.180
KARATAY	ERENLER	19.802	9.921	9.881
KARATAY	ERLER	8.069	4.180	3.889
KARATAY	ESENTEPE	224	120	104
KARATAY	FETİH	16.087	7.931	8.156
KARATAY	FEVZİÇAKMAK	8.495	4.321	4.174
KARATAY	GAZİOSMANPAŞA	17.216	8.554	8.662
KARATAY	GÖÇÜ	902	456	446
KARATAY	HACIVEYİSZADE	8.596	4.206	4.390
KARATAY	HAMZAOĞLU	12.982	6.376	6.606
KARATAY	HAYIROĞLU	1.297	682	615
KARATAY	İPEKLER	232	124	108
KARATAY	İSMİL	5.797	2.978	2.819
KARATAY	İSTİKLAL	10.834	5.431	5.403
KARATAY	İŞGALAMAN	8.427	4.231	4.196
KARATAY	KALENDERHANE	5.894	2.773	3.121
KARATAY	KARAASLAN	23.342	11.750	11.592
KARATAY	KARADONA	347	182	165
KARATAY	KARAKAYA	815	397	418
KARATAY	KATRANCI	217	123	94
KARATAY	KEÇECİLER	10.296	4.973	5.323
KARATAY	KIZÖREN	192	110	82
KARATAY	KÖSEALİ	198	108	90
KARATAY	KUMKÖPRÜ	12.563	6.198	6.365
KARATAY	MENGENE	7.601	3.705	3.896
KARATAY	NAKİPOĞLU	11.635	5.806	5.829
KARATAY	OBRUK	560	296	264
KARATAY	ORTAKONAK	268	143	125
KARATAY	OVAKAVAĞI	2.028	1.030	998
KARATAY	SAKYATAN	424	221	203
KARATAY	SARAÇOĞLU	7.735	3.983	3.752
KARATAY	SARIYAKUP	9.869	4.874	4.995
KARATAY	SEDİRLER	7.723	3.842	3.881
KARATAY	SELİMSULTAN	15.749	7.940	7.809
KARATAY	SULTAN MESUD	3.222	1.883	1.339
KARATAY	SÜRÜÇ	363	203	160
KARATAY	ŞATIR	256	137	119
KARATAY	ŞEMSİTEBRİZİ	4.683	2.328	2.355
KARATAY	TATLICAK	4.190	2.035	2.155
KARATAY	ULUBATLIHASAN	27.305	13.417	13.888
KARATAY	YAĞLIBAYAT	461	244	217
KARATAY	YARMA	1.181	586	595
KARATAY	YAVŞANKUYU	156	96	60
KARATAY	YEDİLER	5.445	2.665	2.780
KARATAY	YENİCE	140	75	65
KARATAY	YENİKENT	584	300	284
KARATAY	ZİNCİRLİ	403	225	178
KULU	ACIKUYU	519	236	283
KULU	ALPARSLAN	3.309	1.660	1.649
KULU	ALTILAR	552	279	273
KULU	ARŞINCI	402	194	208
KULU	BAHADIRLI	388	204	184
KULU	BEŞKARDEŞ	821	399	422
KULU	BOZAN	574	292	282
KULU	BURUNAĞIL	150	77	73
KULU	CAMİKEBİR	3.723	1.788	1.935
KULU	CANIMANA	972	522	450
KULU	CELEP	1.635	808	827
KULU	CUMHURİYET	1.838	928	910
KULU	DEĞİRMENÖZÜ	208	113	95
KULU	DİNEK	321	172	149
KULU	DİPDEDE	773	389	384
KULU	DOĞUTEPE	103	53	50
KULU	FATİH SULTAN MEHMET	3.378	1.654	1.724
KULU	FEVZİYE	108	53	55
KULU	GÖKLER	48	24	24
KULU	GÜZELYAYLA	190	104	86
KULU	HİSARKÖY	89	42	47
KULU	KARACADAĞ	1.591	786	805
KULU	KARACADERE	606	312	294
KULU	KARAPINAR	1.323	663	660
KULU	KARŞIYAKA	4.572	2.292	2.280
KULU	KEMALİYE	3.589	1.821	1.768
KULU	KIRKKUYU	298	140	158
KULU	KIRKPINAR	1.108	551	557
KULU	KOZANLI	1.714	876	838
KULU	KÖMÜŞİNİ	332	177	155
KULU	KÖSTENGİL	139	69	70
KULU	KÖŞKER	202	104	98
KULU	MANDIRA	235	119	116
KULU	ÖMERANLI	4.474	2.199	2.275
KULU	SARIYAYLA	185	91	94
KULU	SEYİTAHMETLİ	42	23	19
KULU	SOĞUKKUYU	200	98	102
KULU	ŞEREFLİ	282	142	140
KULU	TAVLIÖREN	329	169	160
KULU	TUZYAKA	1.542	783	759
KULU	YARAŞLI	711	364	347
KULU	YAZIÇAYIR	895	443	452
KULU	YENİ	5.099	2.550	2.549
KULU	YEŞİLTEPE	239	123	116
KULU	YEŞİLYURT	871	423	448
KULU	ZİNCİRLİKUYU	1.768	867	901
MERAM	ALAKOVA	13.697	6.989	6.708
MERAM	ALAVARDI	18.074	8.735	9.339
MERAM	ALİ ULVİ KURUCU	2.269	1.153	1.116
MERAM	ALPASLAN	9.755	4.811	4.944
MERAM	AŞKAN	15.337	7.377	7.960
MERAM	ATEŞBAZ VELİ	4.344	2.171	2.173
MERAM	AYANBEY	3.629	1.780	1.849
MERAM	AYDOĞDU	11.752	5.712	6.040
MERAM	AYMANAS	10.992	5.418	5.574
MERAM	BAHÇEŞEHİR	12.891	6.508	6.383
MERAM	BAYAT	275	144	131
MERAM	BORUKTOLU	908	449	459
MERAM	BOTSA	643	309	334
MERAM	BOYALI	130	67	63
MERAM	ÇARIKLAR	1.589	824	765
MERAM	ÇAYBAŞI	6.120	3.011	3.109
MERAM	ÇAYIRBAĞI	2.314	1.209	1.105
MERAM	ÇOMAKLAR	165	83	82
MERAM	ÇOMAKLI	2.032	1.079	953
MERAM	ÇUKURÇİMEN	315	165	150
MERAM	DERE	3.632	1.800	1.832
MERAM	DURUNDAY	3.217	1.564	1.653
MERAM	ERENKAYA	305	159	146
MERAM	EVLİYATEKKE	173	84	89
MERAM	GÖDENE	16.998	8.409	8.589
MERAM	HADİMİ	10.381	5.224	5.157
MERAM	HARMANCIK	10.377	5.175	5.202
MERAM	HASANŞEYH	227	117	110
MERAM	HATIP	5.029	2.499	2.530
MERAM	HATUNSARAY	571	300	271
MERAM	HAVZAN	20.292	9.718	10.574
MERAM	İKİPINAR	97	46	51
MERAM	İNLİCE	706	347	359
MERAM	KARAAĞAÇ	178	95	83
MERAM	KARADİĞİN	2.057	1.040	1.017
MERAM	KARADİĞİNDERESİ	456	233	223
MERAM	KARAHÜYÜK	7.973	4.332	3.641
MERAM	KAŞINHANI	3.909	2.016	1.893
MERAM	KAVAK	988	502	486
MERAM	KAYADİBİ	147	80	67
MERAM	KAYALI	424	213	211
MERAM	KAYIHÜYÜK	466	253	213
MERAM	KIZILÖREN	860	428	432
MERAM	KİLİSTRA	516	265	251
MERAM	KONEVİ	8.855	4.166	4.689
MERAM	KOVANAĞZI	12.867	6.488	6.379
MERAM	KOZAĞAÇ	3.759	1.919	1.840
MERAM	KÖYCEĞİZ	6.887	3.420	3.467
MERAM	KUMRALI	64	35	29
MERAM	LALEBAHÇE	6.572	3.270	3.302
MERAM	MELİKŞAH	11.952	5.557	6.395
MERAM	OSMAN GAZİ	5.264	2.642	2.622
MERAM	PAMUKCU	412	215	197
MERAM	PİREBİ	9.987	4.863	5.124
MERAM	SADIKLAR	133	72	61
MERAM	SAĞLIK	530	261	269
MERAM	SAHİBATA	6.935	3.392	3.543
MERAM	SARIKIZ	123	53	70
MERAM	SEFAKÖY	2.562	1.328	1.234
MERAM	ULUĞBEY	5.860	2.980	2.880
MERAM	ULUIRMAK	12.282	6.134	6.148
MERAM	UZUNHARMANLAR	12.336	6.141	6.195
MERAM	YAKA	4.253	2.100	2.153
MERAM	YATAĞAN	131	69	62
MERAM	YAYLAPINAR	11.493	5.770	5.723
MERAM	YENİBAHÇE	1.295	648	647
MERAM	YENİŞEHİR	14.515	7.102	7.413
MERAM	YEŞİLDERE	490	247	243
MERAM	YEŞİLTEKKE	574	282	292
SARAYÖNÜ	BAHÇESARAY	517	258	259
SARAYÖNÜ	BAŞHÜYÜK	710	333	377
SARAYÖNÜ	BATI İSTASYON	1.598	774	824
SARAYÖNÜ	BOYALI	261	159	102
SARAYÖNÜ	BÜYÜKZENGİ	91	45	46
SARAYÖNÜ	ÇEŞMELİSEBİL	869	457	412
SARAYÖNÜ	DEĞİRMENLİ	64	28	36
SARAYÖNÜ	DOĞU İSTASYON	784	389	395
SARAYÖNÜ	ERTUĞRUL	188	89	99
SARAYÖNÜ	FATİH	1.126	562	564
SARAYÖNÜ	GÖZLÜ	1.236	624	612
SARAYÖNÜ	HATİP	805	406	399
SARAYÖNÜ	İNLİ	329	150	179
SARAYÖNÜ	KADIOĞLU	839	451	388
SARAYÖNÜ	KARABIYIK	690	378	312
SARAYÖNÜ	KARATEPE	286	140	146
SARAYÖNÜ	KAYIÖREN	118	63	55
SARAYÖNÜ	KONAR	110	72	38
SARAYÖNÜ	KURŞUNLU	962	498	464
SARAYÖNÜ	KUYULUSEBİL	369	204	165
SARAYÖNÜ	LADİK	10.600	5.300	5.300
SARAYÖNÜ	ÖZKENT	774	395	379
SARAYÖNÜ	SARAÇ	4.074	2.052	2.022
SARAYÖNÜ	SELİMİYE	171	73	98
SARAYÖNÜ	YENİCEKAYA	484	241	243
SARAYÖNÜ	YUKARI	912	468	444
SELÇUKLU	AKADEMİ	17.073	8.264	8.809
SELÇUKLU	AKINCILAR	9.138	4.489	4.649
SELÇUKLU	AKPINAR	314	152	162
SELÇUKLU	AKŞEMSETTİN	23.967	11.831	12.136
SELÇUKLU	ARDIÇLI	98	55	43
SELÇUKLU	AŞAĞIPINARBAŞI	667	332	335
SELÇUKLU	AYDINLIKEVLER	12.025	5.809	6.216
SELÇUKLU	BAĞRIKURT	224	135	89
SELÇUKLU	BAŞARAKAVAK	1.123	563	560
SELÇUKLU	BEDİR	12.602	6.133	6.469
SELÇUKLU	BEYHEKİM	28.341	12.723	15.618
SELÇUKLU	BİÇER	90	45	45
SELÇUKLU	BİLECİK	454	252	202
SELÇUKLU	BİNKONUTLAR	15.521	7.661	7.860
SELÇUKLU	BOSNA HERSEK	39.845	19.685	20.160
SELÇUKLU	BUHARA	20.418	10.146	10.272
SELÇUKLU	BÜYÜKKAYACIK	924	688	236
SELÇUKLU	CUMHURİYET	8.748	4.275	4.473
SELÇUKLU	ÇALDERE	310	163	147
SELÇUKLU	ÇALTI	350	191	159
SELÇUKLU	ÇANDIR	52	29	23
SELÇUKLU	DAĞDERE	406	214	192
SELÇUKLU	DOKUZ	234	192	42
SELÇUKLU	DUMLUPINAR	12.597	6.182	6.415
SELÇUKLU	EĞRİBAYAT	450	247	203
SELÇUKLU	ERENKÖY	13.194	6.537	6.657
SELÇUKLU	ESENLER	10.609	5.315	5.294
SELÇUKLU	FATİH	9.210	4.495	4.715
SELÇUKLU	FERHUNİYE	3.317	1.609	1.708
SELÇUKLU	FERİTPAŞA	13.308	6.203	7.105
SELÇUKLU	GÜVENÇ	343	196	147
SELÇUKLU	HACIKAYMAK	11.240	5.395	5.845
SELÇUKLU	HANAYBAŞI	18.154	9.151	9.003
SELÇUKLU	HOCACİHAN	15.155	7.549	7.606
SELÇUKLU	HOROZLUHAN	5.506	5.161	345
SELÇUKLU	HÜSAMETTİN ÇELEBİ	17.711	8.819	8.892
SELÇUKLU	IŞIKLAR	18.412	8.546	9.866
SELÇUKLU	İHSANİYE	7.665	3.597	4.068
SELÇUKLU	KALEKÖY	179	105	74
SELÇUKLU	KARAÖMERLER	344	184	160
SELÇUKLU	KERVAN	98	47	51
SELÇUKLU	KILINÇARSLAN	22.220	10.705	11.515
SELÇUKLU	KINIK	66	33	33
SELÇUKLU	KIZILCAKUYU	169	91	78
SELÇUKLU	KOSOVA	34.176	15.852	18.324
SELÇUKLU	KÜÇÜKMUHSİNE	210	112	98
SELÇUKLU	MALAZGİRT	14.047	6.763	7.284
SELÇUKLU	MEHMET AKİF	27.999	13.572	14.427
SELÇUKLU	MEYDANKÖY	223	114	109
SELÇUKLU	MUSALLA BAĞLARI	5.944	2.933	3.011
SELÇUKLU	NİŞANTAŞ	11.171	5.317	5.854
SELÇUKLU	PARSANA	21.526	10.535	10.991
SELÇUKLU	SAKARYA	13.697	6.812	6.885
SELÇUKLU	SALAHATTİN	252	140	112
SELÇUKLU	SANCAK	36.748	18.249	18.499
SELÇUKLU	SARAYKÖY	696	366	330
SELÇUKLU	SARICALAR	124	69	55
SELÇUKLU	SELAHADDİNİ EYYUBİ	24.592	12.220	12.372
SELÇUKLU	SELÇUK	10.421	5.044	5.377
SELÇUKLU	SIZMA	2.250	1.134	1.116
SELÇUKLU	SİLLE	1.314	696	618
SELÇUKLU	SİLLE AK	7.185	3.639	3.546
SELÇUKLU	SULUTAS	391	215	176
SELÇUKLU	ŞEKER	17.574	8.548	9.026
SELÇUKLU	ŞEYH ŞAMİL	16.725	8.112	8.613
SELÇUKLU	TATKÖY	1.479	746	733
SELÇUKLU	TEPEKENT	3.972	1.978	1.994
SELÇUKLU	TÖMEK	228	121	107
SELÇUKLU	ULUMUHSİNE	72	43	29
SELÇUKLU	YAZIBELEN	308	184	124
SELÇUKLU	YAZIR	68.944	32.330	36.614
SELÇUKLU	YUKARIPINARBAŞI	615	332	283
SEYDİŞEHİR	AKÇALAR	567	265	302
SEYDİŞEHİR	AKTAŞ	527	260	267
SEYDİŞEHİR	ALAYLAR BİR	6.175	3.051	3.124
SEYDİŞEHİR	ALAYLAR İKİ	4.890	2.384	2.506
SEYDİŞEHİR	ANABAĞLAR	1.168	646	522
SEYDİŞEHİR	AŞAĞIKARAÖREN	311	153	158
SEYDİŞEHİR	BAHÇELİEVLER	538	246	292
SEYDİŞEHİR	BAŞKARAÖREN	217	112	105
SEYDİŞEHİR	BOSTANDERE	899	432	467
SEYDİŞEHİR	BOYALI	441	211	230
SEYDİŞEHİR	BÜKÇE	22	C	C
SEYDİŞEHİR	ÇAT	153	88	65
SEYDİŞEHİR	ÇATMAKAYA	351	174	177
SEYDİŞEHİR	ÇAVUŞ	624	303	321
SEYDİŞEHİR	DEĞİRMENCİ	1.192	581	611
SEYDİŞEHİR	DİKİLİTAŞ	548	281	267
SEYDİŞEHİR	GEVREKLİ	1.254	622	632
SEYDİŞEHİR	GÖKÇEHÜYÜK	312	155	157
SEYDİŞEHİR	GÖKHÜYÜK	475	234	241
SEYDİŞEHİR	GÖLYÜZÜ	249	127	122
SEYDİŞEHİR	HACISEYİTALİ	6.885	3.325	3.560
SEYDİŞEHİR	IRMAKLI	102	50	52
SEYDİŞEHİR	İNCESU	512	245	267
SEYDİŞEHİR	KARABULAK	162	84	78
SEYDİŞEHİR	KARACAÖREN	180	93	87
SEYDİŞEHİR	KARAKAVAK	1.563	812	751
SEYDİŞEHİR	KAVAK	386	189	197
SEYDİŞEHİR	KESECİK	1.028	517	511
SEYDİŞEHİR	KETENLİ	1.439	736	703
SEYDİŞEHİR	KIZILCA	226	107	119
SEYDİŞEHİR	KIZILCALAR	9.646	4.714	4.932
SEYDİŞEHİR	KOZLU	211	105	106
SEYDİŞEHİR	KUMLUCA	513	272	241
SEYDİŞEHİR	KURAN	382	197	185
SEYDİŞEHİR	MADENLİ	133	66	67
SEYDİŞEHİR	MESUDİYE	308	154	154
SEYDİŞEHİR	MURADİYE	289	138	151
SEYDİŞEHİR	OĞLAKÇI	173	89	84
SEYDİŞEHİR	ORTAKARAÖREN	2.360	1.152	1.208
SEYDİŞEHİR	PINARBAŞI	3.019	1.522	1.497
SEYDİŞEHİR	SAADETLER	1.598	1.157	441
SEYDİŞEHİR	SARAYCIK	117	62	55
SEYDİŞEHİR	SEYİTHARUN	969	496	473
SEYDİŞEHİR	SOFUHANE	1.141	553	588
SEYDİŞEHİR	STAT	1.032	510	522
SEYDİŞEHİR	SUSUZ	281	160	121
SEYDİŞEHİR	TARAŞCI	2.019	1.013	1.006
SEYDİŞEHİR	TAŞAĞIL	242	123	119
SEYDİŞEHİR	TEPECİK	335	163	172
SEYDİŞEHİR	TOL	316	167	149
SEYDİŞEHİR	UFACIK	54	32	22
SEYDİŞEHİR	ULUKAPI	4.173	2.076	2.097
SEYDİŞEHİR	YAYLACIK	423	225	198
SEYDİŞEHİR	YENİCAMİ	2.708	1.314	1.394
SEYDİŞEHİR	YENİCE	90	43	47
TAŞKENT	AFŞAR TEPECİK	621	307	314
TAŞKENT	AFŞAR YUKARI	512	255	257
TAŞKENT	BALCILAR ORTA	705	367	338
TAŞKENT	BALCILAR VELİLER	648	328	320
TAŞKENT	BALCILAR YUKARI	803	410	393
TAŞKENT	BEKTAŞ	450	228	222
TAŞKENT	BOLAY	448	226	222
TAŞKENT	ÇETMİ CÖMEŞPINAR	491	240	251
TAŞKENT	ÇETMİ YENİ	479	239	240
TAŞKENT	HIRA	620	310	310
TAŞKENT	ILICAPINAR	265	129	136
TAŞKENT	KECİMEN	299	161	138
TAŞKENT	KONGUL	114	58	56
TAŞKENT	SAZAK	67	32	35
TAŞKENT	ŞIHLAR	454	221	233
TUZLUKÇU	AŞAĞI	1.078	531	547
TUZLUKÇU	ÇÖĞÜRLÜ	76	41	35
TUZLUKÇU	ERDOĞDU	228	119	109
TUZLUKÇU	GÜRSU	164	90	74
TUZLUKÇU	KONARI	543	268	275
TUZLUKÇU	KORAŞI	703	343	360
TUZLUKÇU	KÖKLÜCE	207	107	100
TUZLUKÇU	KUNDULLU	338	160	178
TUZLUKÇU	MEVLÜTLÜ	299	138	161
TUZLUKÇU	ORTA	697	335	362
TUZLUKÇU	PAZAR	739	351	388
TUZLUKÇU	PAZARKAYA	198	96	102
TUZLUKÇU	SUBATAN	77	40	37
TUZLUKÇU	TURSUNLU	129	62	67
TUZLUKÇU	YUKARI	1.070	530	540
YALIHÜYÜK	ARASÖĞÜT	117	62	55
YALIHÜYÜK	AŞAĞI	958	486	472
YALIHÜYÜK	SARAYKÖY	56	27	29
YALIHÜYÜK	YUKARI	723	355	368
YUNAK	ALTINÖZ	202	117	85
YUNAK	AYRITEPE	103	57	46
YUNAK	BEŞIŞIKLI	99	52	47
YUNAK	BÖĞRÜDELİK	330	173	157
YUNAK	CEBRAİL	97	48	49
YUNAK	ÇAYIRBAŞI	227	125	102
YUNAK	EĞRİKUYU	101	56	45
YUNAK	ESENTEPE	184	90	94
YUNAK	EŞME	1.708	868	840
YUNAK	FATİH	1.767	887	880
YUNAK	HACIFAKILI	245	135	110
YUNAK	HACIÖMEROĞLU	474	247	227
YUNAK	HARUNLAR	313	160	153
YUNAK	HATIRLI	169	97	72
YUNAK	HURSUNLU	625	311	314
YUNAK	İMAMOĞLU	200	100	100
YUNAK	KARATAŞ	1.418	721	697
YUNAK	KARAYAYLA	236	126	110
YUNAK	KARGALI	63	34	29
YUNAK	KILLAR	357	177	180
YUNAK	KOÇYAZI	910	447	463
YUNAK	KURTUŞAĞI	318	156	162
YUNAK	KUYUBAŞI	322	160	162
YUNAK	KUZÖREN	1.627	804	823
YUNAK	MEŞELİK	127	63	64
YUNAK	ODABAŞI	469	250	219
YUNAK	ORTAKIŞLA	135	77	58
YUNAK	ÖZYAYLA	143	73	70
YUNAK	PİRİBEYLİ	1.030	502	528
YUNAK	SARAY	1.308	699	609
YUNAK	SELÇUK	1.672	834	838
YUNAK	SERTLER	157	81	76
YUNAK	SEVİNÇ	137	72	65
YUNAK	SIRAM	137	61	76
YUNAK	SİNANLI	189	101	88
YUNAK	SÜLÜKLÜ	665	347	318
YUNAK	TURGUT	599	310	289
YUNAK	YAVAŞLI	265	143	122
YUNAK	YENİ	1.703	829	874
YUNAK	YEŞİLOBA	127	61	66
YUNAK	YEŞİLYAYLA	105	56	49
YUNAK	YIĞAR	227	126	101